--------------------------------------------------------
--  파일이 생성됨 - 수요일-8월-09-2023   
--------------------------------------------------------
DROP SEQUENCE "ACCOUNT_SEQ";
DROP SEQUENCE "EMPLOYEE_SEQ";
DROP SEQUENCE "STUDENT_ANS_SEQ";
DROP SEQUENCE "STUDENT_SEQ";
DROP TABLE "ACCOUNT" cascade constraints;
DROP TABLE "DEP" cascade constraints;
DROP TABLE "DEPARTMENT" cascade constraints;
DROP TABLE "EMP" cascade constraints;
DROP TABLE "EMPLOYEE" cascade constraints;
DROP TABLE "PERSON" cascade constraints;
DROP TABLE "PROFESSOR" cascade constraints;
DROP TABLE "STUDENT" cascade constraints;
DROP TABLE "TEST_STUDENT" cascade constraints;
DROP VIEW "TEST_STU_VIEW";
--------------------------------------------------------
--  DDL for Sequence ACCOUNT_SEQ
--------------------------------------------------------

   CREATE SEQUENCE  "ACCOUNT_SEQ"  MINVALUE 1001 MAXVALUE 999999999999999 INCREMENT BY 1 START WITH 1006 NOCACHE  NOORDER  NOCYCLE  NOKEEP  NOSCALE  GLOBAL ;
--------------------------------------------------------
--  DDL for Sequence EMPLOYEE_SEQ
--------------------------------------------------------

   CREATE SEQUENCE  "EMPLOYEE_SEQ"  MINVALUE 20000000 MAXVALUE 9999999999999999999 INCREMENT BY 1 START WITH 20230115 NOCACHE  NOORDER  NOCYCLE  NOKEEP  NOSCALE  GLOBAL ;
--------------------------------------------------------
--  DDL for Sequence STUDENT_ANS_SEQ
--------------------------------------------------------

   CREATE SEQUENCE  "STUDENT_ANS_SEQ"  MINVALUE 20000101 MAXVALUE 99999999999999999 INCREMENT BY 1 START WITH 20000101 NOCACHE  NOORDER  NOCYCLE  NOKEEP  NOSCALE  GLOBAL ;
--------------------------------------------------------
--  DDL for Sequence STUDENT_SEQ
--------------------------------------------------------

   CREATE SEQUENCE  "STUDENT_SEQ"  MINVALUE 20000101 MAXVALUE 99999999999999999 INCREMENT BY 1 START WITH 20000111 NOCACHE  NOORDER  NOCYCLE  NOKEEP  NOSCALE  GLOBAL ;
--------------------------------------------------------
--  DDL for Table ACCOUNT
--------------------------------------------------------

  CREATE TABLE "ACCOUNT" 
   (	"IDX" NUMBER DEFAULT "ACCOUNT_SEQ"."NEXTVAL", 
	"USERID" VARCHAR2(20 BYTE), 
	"USERPW" VARCHAR2(20 BYTE), 
	"NICK" VARCHAR2(100 BYTE), 
	"EMAIL" VARCHAR2(100 BYTE), 
	"JOIN_DATE" DATE DEFAULT sysdate
   ) SEGMENT CREATION IMMEDIATE 
  PCTFREE 10 PCTUSED 40 INITRANS 1 MAXTRANS 255 
 NOCOMPRESS LOGGING
  STORAGE(INITIAL 65536 NEXT 1048576 MINEXTENTS 1 MAXEXTENTS 2147483645
  PCTINCREASE 0 FREELISTS 1 FREELIST GROUPS 1
  BUFFER_POOL DEFAULT FLASH_CACHE DEFAULT CELL_FLASH_CACHE DEFAULT)
  TABLESPACE "USERS" ;
--------------------------------------------------------
--  DDL for Table DEP
--------------------------------------------------------

  CREATE TABLE "DEP" 
   (	"IDX" NUMBER, 
	"NAME" VARCHAR2(50 BYTE), 
	"C_DATE" DATE, 
	"PHONE" VARCHAR2(15 BYTE), 
	"EMAIL" VARCHAR2(150 BYTE)
   ) SEGMENT CREATION IMMEDIATE 
  PCTFREE 10 PCTUSED 40 INITRANS 1 MAXTRANS 255 
 NOCOMPRESS LOGGING
  STORAGE(INITIAL 65536 NEXT 1048576 MINEXTENTS 1 MAXEXTENTS 2147483645
  PCTINCREASE 0 FREELISTS 1 FREELIST GROUPS 1
  BUFFER_POOL DEFAULT FLASH_CACHE DEFAULT CELL_FLASH_CACHE DEFAULT)
  TABLESPACE "USERS" ;
--------------------------------------------------------
--  DDL for Table DEPARTMENT
--------------------------------------------------------

  CREATE TABLE "DEPARTMENT" 
   (	"IDX" NUMBER, 
	"NAME" VARCHAR2(50 BYTE), 
	"D_DATE" DATE, 
	"PHONE" VARCHAR2(15 BYTE), 
	"EMAIL" VARCHAR2(100 BYTE)
   ) SEGMENT CREATION IMMEDIATE 
  PCTFREE 10 PCTUSED 40 INITRANS 1 MAXTRANS 255 
 NOCOMPRESS LOGGING
  STORAGE(INITIAL 65536 NEXT 1048576 MINEXTENTS 1 MAXEXTENTS 2147483645
  PCTINCREASE 0 FREELISTS 1 FREELIST GROUPS 1
  BUFFER_POOL DEFAULT FLASH_CACHE DEFAULT CELL_FLASH_CACHE DEFAULT)
  TABLESPACE "USERS" ;
--------------------------------------------------------
--  DDL for Table EMP
--------------------------------------------------------

  CREATE TABLE "EMP" 
   (	"IDX" NUMBER, 
	"NAME" VARCHAR2(20 BYTE), 
	"GENDER" VARCHAR2(6 BYTE), 
	"BIRTH" DATE, 
	"H_DATE" DATE DEFAULT sysdate, 
	"PHONE" VARCHAR2(15 BYTE), 
	"EMAIL" VARCHAR2(150 BYTE), 
	"POSITION" VARCHAR2(20 BYTE), 
	"SALARY" NUMBER, 
	"DEP_IDX" NUMBER
   ) SEGMENT CREATION IMMEDIATE 
  PCTFREE 10 PCTUSED 40 INITRANS 1 MAXTRANS 255 
 NOCOMPRESS LOGGING
  STORAGE(INITIAL 65536 NEXT 1048576 MINEXTENTS 1 MAXEXTENTS 2147483645
  PCTINCREASE 0 FREELISTS 1 FREELIST GROUPS 1
  BUFFER_POOL DEFAULT FLASH_CACHE DEFAULT CELL_FLASH_CACHE DEFAULT)
  TABLESPACE "USERS" ;
--------------------------------------------------------
--  DDL for Table EMPLOYEE
--------------------------------------------------------

  CREATE TABLE "EMPLOYEE" 
   (	"IDX" NUMBER, 
	"NAME" VARCHAR2(20 BYTE), 
	"GENDER" VARCHAR2(6 BYTE), 
	"BIRTH" DATE DEFAULT sysdate, 
	"H_DATE" DATE, 
	"PHONE" VARCHAR2(15 BYTE), 
	"EMAIL" VARCHAR2(150 BYTE), 
	"POSITION" VARCHAR2(20 BYTE), 
	"SALARY" NUMBER, 
	"DEPARTMENT" VARCHAR2(50 BYTE), 
	"DEP_CREATE" DATE, 
	"DEP_PHONE" VARCHAR2(15 BYTE), 
	"DEP_EMAIL" VARCHAR2(150 BYTE)
   ) SEGMENT CREATION IMMEDIATE 
  PCTFREE 10 PCTUSED 40 INITRANS 1 MAXTRANS 255 
 NOCOMPRESS LOGGING
  STORAGE(INITIAL 65536 NEXT 1048576 MINEXTENTS 1 MAXEXTENTS 2147483645
  PCTINCREASE 0 FREELISTS 1 FREELIST GROUPS 1
  BUFFER_POOL DEFAULT FLASH_CACHE DEFAULT CELL_FLASH_CACHE DEFAULT)
  TABLESPACE "USERS" ;
--------------------------------------------------------
--  DDL for Table PERSON
--------------------------------------------------------

  CREATE TABLE "PERSON" 
   (	"NAME" VARCHAR2(20 BYTE), 
	"HEIGHT" NUMBER, 
	"BIRTH" DATE
   ) SEGMENT CREATION IMMEDIATE 
  PCTFREE 10 PCTUSED 40 INITRANS 1 MAXTRANS 255 
 NOCOMPRESS LOGGING
  STORAGE(INITIAL 65536 NEXT 1048576 MINEXTENTS 1 MAXEXTENTS 2147483645
  PCTINCREASE 0 FREELISTS 1 FREELIST GROUPS 1
  BUFFER_POOL DEFAULT FLASH_CACHE DEFAULT CELL_FLASH_CACHE DEFAULT)
  TABLESPACE "USERS" ;
--------------------------------------------------------
--  DDL for Table PROFESSOR
--------------------------------------------------------

  CREATE TABLE "PROFESSOR" 
   (	"IDX" NUMBER, 
	"NAME" VARCHAR2(50 BYTE), 
	"GENDER" VARCHAR2(6 BYTE), 
	"DEP_CODE" NUMBER, 
	"PHONE" VARCHAR2(15 BYTE), 
	"EMAIL" VARCHAR2(100 BYTE)
   ) SEGMENT CREATION IMMEDIATE 
  PCTFREE 10 PCTUSED 40 INITRANS 1 MAXTRANS 255 
 NOCOMPRESS LOGGING
  STORAGE(INITIAL 65536 NEXT 1048576 MINEXTENTS 1 MAXEXTENTS 2147483645
  PCTINCREASE 0 FREELISTS 1 FREELIST GROUPS 1
  BUFFER_POOL DEFAULT FLASH_CACHE DEFAULT CELL_FLASH_CACHE DEFAULT)
  TABLESPACE "USERS" ;
--------------------------------------------------------
--  DDL for Table STUDENT
--------------------------------------------------------

  CREATE TABLE "STUDENT" 
   (	"IDX" NUMBER DEFAULT "STUDENT_SEQ"."NEXTVAL", 
	"NAME" VARCHAR2(50 BYTE), 
	"GRADE" NUMBER, 
	"DEP_CODE" NUMBER, 
	"GENDER" VARCHAR2(6 BYTE), 
	"BIRTH" DATE, 
	"ADDRESS" VARCHAR2(150 BYTE), 
	"PHONE" VARCHAR2(15 BYTE), 
	"EMAIL" VARCHAR2(100 BYTE)
   ) SEGMENT CREATION IMMEDIATE 
  PCTFREE 10 PCTUSED 40 INITRANS 1 MAXTRANS 255 
 NOCOMPRESS LOGGING
  STORAGE(INITIAL 65536 NEXT 1048576 MINEXTENTS 1 MAXEXTENTS 2147483645
  PCTINCREASE 0 FREELISTS 1 FREELIST GROUPS 1
  BUFFER_POOL DEFAULT FLASH_CACHE DEFAULT CELL_FLASH_CACHE DEFAULT)
  TABLESPACE "USERS" ;
--------------------------------------------------------
--  DDL for Table TEST_STUDENT
--------------------------------------------------------

  CREATE TABLE "TEST_STUDENT" 
   (	"NAME" VARCHAR2(50 BYTE), 
	"KOR" NUMBER, 
	"ENG" NUMBER, 
	"MAT" NUMBER
   ) SEGMENT CREATION IMMEDIATE 
  PCTFREE 10 PCTUSED 40 INITRANS 1 MAXTRANS 255 
 NOCOMPRESS LOGGING
  STORAGE(INITIAL 65536 NEXT 1048576 MINEXTENTS 1 MAXEXTENTS 2147483645
  PCTINCREASE 0 FREELISTS 1 FREELIST GROUPS 1
  BUFFER_POOL DEFAULT FLASH_CACHE DEFAULT CELL_FLASH_CACHE DEFAULT)
  TABLESPACE "USERS" ;
--------------------------------------------------------
--  DDL for View TEST_STU_VIEW
--------------------------------------------------------

  CREATE OR REPLACE FORCE EDITIONABLE VIEW "TEST_STU_VIEW" ("NAME", "KOR", "ENG", "MAT", "TOTAL", "AVG") AS 
  ( select A."NAME",A."KOR",A."ENG",A."MAT", kor + eng + mat as total,
   round((kor + eng + mat) / 3, 2) as avg 
   from test_student A)
;
REM INSERTING into ACCOUNT
SET DEFINE OFF;
Insert into ACCOUNT (IDX,USERID,USERPW,NICK,EMAIL,JOIN_DATE) values (1005,'test','1234','텟테ㅌ테스스트트','test1@gmail.com',to_date('23/08/07','RR/MM/DD'));
Insert into ACCOUNT (IDX,USERID,USERPW,NICK,EMAIL,JOIN_DATE) values (1001,'user1','1234567','유저1','user1@naver.com',to_date('23/08/01','RR/MM/DD'));
Insert into ACCOUNT (IDX,USERID,USERPW,NICK,EMAIL,JOIN_DATE) values (1002,'itbank','1234567','아뱅','user2@naver.com',to_date('23/08/01','RR/MM/DD'));
Insert into ACCOUNT (IDX,USERID,USERPW,NICK,EMAIL,JOIN_DATE) values (1003,'root','qwe@123','관리자1','root@gmail.com',to_date('23/08/02','RR/MM/DD'));
REM INSERTING into DEP
SET DEFINE OFF;
Insert into DEP (IDX,NAME,C_DATE,PHONE,EMAIL) values (100,'개발부',to_date('01/05/11','RR/MM/DD'),'02-777-8888','shin@naver.com');
Insert into DEP (IDX,NAME,C_DATE,PHONE,EMAIL) values (200,'경리부',to_date('05/08/10','RR/MM/DD'),'02-222-3333','jung@naver.com');
Insert into DEP (IDX,NAME,C_DATE,PHONE,EMAIL) values (300,'기술부',to_date('02/05/20','RR/MM/DD'),'02-444-5555','park@naver.com');
Insert into DEP (IDX,NAME,C_DATE,PHONE,EMAIL) values (400,'총무부',to_date('95/04/24','RR/MM/DD'),'02-777-8888','kim2@naver.com');
REM INSERTING into DEPARTMENT
SET DEFINE OFF;
Insert into DEPARTMENT (IDX,NAME,D_DATE,PHONE,EMAIL) values (100,'물리학',to_date('95/01/02','RR/MM/DD'),'02-123-4567','phy@naver.com');
Insert into DEPARTMENT (IDX,NAME,D_DATE,PHONE,EMAIL) values (200,'경영학',to_date('96/02/01','RR/MM/DD'),'02-534-3434','hello@gmail.com');
Insert into DEPARTMENT (IDX,NAME,D_DATE,PHONE,EMAIL) values (300,'컴퓨터공학',to_date('99/01/01','RR/MM/DD'),'02-432-1313','com@daum.net');
Insert into DEPARTMENT (IDX,NAME,D_DATE,PHONE,EMAIL) values (400,'영어문학',to_date('95/03/03','RR/MM/DD'),'02-111-4566','eng@icloud.com');
Insert into DEPARTMENT (IDX,NAME,D_DATE,PHONE,EMAIL) values (500,'역사학',to_date('95/01/01','RR/MM/DD'),'02-222-1234','hi@gmail.com');
REM INSERTING into EMP
SET DEFINE OFF;
Insert into EMP (IDX,NAME,GENDER,BIRTH,H_DATE,PHONE,EMAIL,POSITION,SALARY,DEP_IDX) values (20230101,'홍길동','남',to_date('96/03/12','RR/MM/DD'),to_date('23/01/01','RR/MM/DD'),'010-1234-5678','hong@naver.com','부장',7000,null);
Insert into EMP (IDX,NAME,GENDER,BIRTH,H_DATE,PHONE,EMAIL,POSITION,SALARY,DEP_IDX) values (20230102,'김철수','남',to_date('95/08/25','RR/MM/DD'),to_date('23/02/15','RR/MM/DD'),'010-2222-3333','kim1@naver.com','대리',5000,200);
Insert into EMP (IDX,NAME,GENDER,BIRTH,H_DATE,PHONE,EMAIL,POSITION,SALARY,DEP_IDX) values (20230103,'장우진','여',to_date('98/11/30','RR/MM/DD'),to_date('23/03/22','RR/MM/DD'),'010-5555-6666','lee1@gmail.com','사원',3200,100);
Insert into EMP (IDX,NAME,GENDER,BIRTH,H_DATE,PHONE,EMAIL,POSITION,SALARY,DEP_IDX) values (20230104,'류시민','남',to_date('97/07/07','RR/MM/DD'),to_date('23/04/05','RR/MM/DD'),'010-7777-8888','park@naver.com','대리',5000,200);
Insert into EMP (IDX,NAME,GENDER,BIRTH,H_DATE,PHONE,EMAIL,POSITION,SALARY,DEP_IDX) values (20230105,'이영희','여',to_date('94/12/01','RR/MM/DD'),to_date('23/05/10','RR/MM/DD'),'010-9999-0000','lee@naver.com','사원',3000,100);
Insert into EMP (IDX,NAME,GENDER,BIRTH,H_DATE,PHONE,EMAIL,POSITION,SALARY,DEP_IDX) values (20230106,'박수진','여',to_date('93/04/18','RR/MM/DD'),to_date('23/06/20','RR/MM/DD'),'010-1111-2222','kim2@gmail.com','사원',4200,200);
Insert into EMP (IDX,NAME,GENDER,BIRTH,H_DATE,PHONE,EMAIL,POSITION,SALARY,DEP_IDX) values (20230107,'정준영','남',to_date('99/09/20','RR/MM/DD'),to_date('23/07/15','RR/MM/DD'),'010-8888-9999','jung@naver.com','사원',4000,null);
Insert into EMP (IDX,NAME,GENDER,BIRTH,H_DATE,PHONE,EMAIL,POSITION,SALARY,DEP_IDX) values (20230108,'김영호','여',to_date('92/06/07','RR/MM/DD'),to_date('23/08/25','RR/MM/DD'),'010-4444-5555','lee2@naver.com','차장',6200,200);
Insert into EMP (IDX,NAME,GENDER,BIRTH,H_DATE,PHONE,EMAIL,POSITION,SALARY,DEP_IDX) values (20230109,'이미영','남',to_date('95/02/25','RR/MM/DD'),to_date('23/09/11','RR/MM/DD'),'010-9999-8888','shin@naver.com','과장',6000,100);
Insert into EMP (IDX,NAME,GENDER,BIRTH,H_DATE,PHONE,EMAIL,POSITION,SALARY,DEP_IDX) values (20230110,'왕소피아','여',to_date('98/11/15','RR/MM/DD'),to_date('23/10/02','RR/MM/DD'),'010-5215-6666','yoon@naver.com','사원',3000,200);
REM INSERTING into EMPLOYEE
SET DEFINE OFF;
Insert into EMPLOYEE (IDX,NAME,GENDER,BIRTH,H_DATE,PHONE,EMAIL,POSITION,SALARY,DEPARTMENT,DEP_CREATE,DEP_PHONE,DEP_EMAIL) values (20230101,'홍길동','남',to_date('96/03/12','RR/MM/DD'),to_date('23/01/01','RR/MM/DD'),'010-1234-5678','hong@naver.com','부장',7000,'총무부',to_date('95/04/24','RR/MM/DD'),'02-777-8888','kim2@naver.com');
Insert into EMPLOYEE (IDX,NAME,GENDER,BIRTH,H_DATE,PHONE,EMAIL,POSITION,SALARY,DEPARTMENT,DEP_CREATE,DEP_PHONE,DEP_EMAIL) values (20230102,'김철수','남',to_date('95/08/25','RR/MM/DD'),to_date('23/02/15','RR/MM/DD'),'010-2222-3333','kim1@naver.com','대리',5000,'경리부',to_date('05/08/10','RR/MM/DD'),'02-222-3333','jung@naver.com');
Insert into EMPLOYEE (IDX,NAME,GENDER,BIRTH,H_DATE,PHONE,EMAIL,POSITION,SALARY,DEPARTMENT,DEP_CREATE,DEP_PHONE,DEP_EMAIL) values (20230103,'장우진','여',to_date('98/11/30','RR/MM/DD'),to_date('23/03/22','RR/MM/DD'),'010-5555-6666','lee1@gmail.com','사원',3200,'개발부',to_date('01/05/11','RR/MM/DD'),'02-777-8888','shin@naver.com');
Insert into EMPLOYEE (IDX,NAME,GENDER,BIRTH,H_DATE,PHONE,EMAIL,POSITION,SALARY,DEPARTMENT,DEP_CREATE,DEP_PHONE,DEP_EMAIL) values (20230104,'박영수','남',to_date('97/07/07','RR/MM/DD'),to_date('23/04/05','RR/MM/DD'),'010-7777-8888','park@naver.com','대리',5000,'기술부',to_date('02/05/20','RR/MM/DD'),'02-444-5555','park@naver.com');
Insert into EMPLOYEE (IDX,NAME,GENDER,BIRTH,H_DATE,PHONE,EMAIL,POSITION,SALARY,DEPARTMENT,DEP_CREATE,DEP_PHONE,DEP_EMAIL) values (20230105,'이영희','여',to_date('94/12/01','RR/MM/DD'),to_date('23/05/10','RR/MM/DD'),'010-9999-0000','lee@naver.com','사원',3000,'개발부',to_date('01/05/11','RR/MM/DD'),'02-777-8888','shin@naver.com');
Insert into EMPLOYEE (IDX,NAME,GENDER,BIRTH,H_DATE,PHONE,EMAIL,POSITION,SALARY,DEPARTMENT,DEP_CREATE,DEP_PHONE,DEP_EMAIL) values (20230106,'박수진','여',to_date('93/04/18','RR/MM/DD'),to_date('23/06/20','RR/MM/DD'),'010-1111-2222','kim2@gmail.com','사원',4200,'기술부',to_date('02/05/20','RR/MM/DD'),'02-444-5555','park@naver.com');
Insert into EMPLOYEE (IDX,NAME,GENDER,BIRTH,H_DATE,PHONE,EMAIL,POSITION,SALARY,DEPARTMENT,DEP_CREATE,DEP_PHONE,DEP_EMAIL) values (20230107,'정준영','남',to_date('99/09/20','RR/MM/DD'),to_date('23/07/15','RR/MM/DD'),'010-8888-9999','jung@naver.com','사원',4000,'경리부',to_date('05/08/10','RR/MM/DD'),'02-222-3333','jung@naver.com');
Insert into EMPLOYEE (IDX,NAME,GENDER,BIRTH,H_DATE,PHONE,EMAIL,POSITION,SALARY,DEPARTMENT,DEP_CREATE,DEP_PHONE,DEP_EMAIL) values (20230108,'김영호','여',to_date('92/06/07','RR/MM/DD'),to_date('23/08/25','RR/MM/DD'),'010-4444-5555','lee2@naver.com','차장',6200,'기술부',to_date('02/05/20','RR/MM/DD'),'02-444-5555','park@naver.com');
Insert into EMPLOYEE (IDX,NAME,GENDER,BIRTH,H_DATE,PHONE,EMAIL,POSITION,SALARY,DEPARTMENT,DEP_CREATE,DEP_PHONE,DEP_EMAIL) values (20230109,'이미영','남',to_date('95/02/25','RR/MM/DD'),to_date('23/09/11','RR/MM/DD'),'010-9999-8888','shin@naver.com','과장',6000,'개발부',to_date('01/05/11','RR/MM/DD'),'02-777-8888','shin@naver.com');
Insert into EMPLOYEE (IDX,NAME,GENDER,BIRTH,H_DATE,PHONE,EMAIL,POSITION,SALARY,DEPARTMENT,DEP_CREATE,DEP_PHONE,DEP_EMAIL) values (20230110,'왕소피아','여',to_date('98/11/15','RR/MM/DD'),to_date('23/10/02','RR/MM/DD'),'010-5215-6666','yoon@naver.com','사원',3000,'총무부',to_date('95/04/24','RR/MM/DD'),'02-777-8888','kim2@naver.com');
REM INSERTING into PERSON
SET DEFINE OFF;
Insert into PERSON (NAME,HEIGHT,BIRTH) values ('진지원',165.5,to_date('96/09/15','RR/MM/DD'));
Insert into PERSON (NAME,HEIGHT,BIRTH) values ('홍진호',176.3,to_date('95/12/30','RR/MM/DD'));
Insert into PERSON (NAME,HEIGHT,BIRTH) values ('이진수',167.9,to_date('97/05/05','RR/MM/DD'));
Insert into PERSON (NAME,HEIGHT,BIRTH) values ('강호동',185.3,null);
Insert into PERSON (NAME,HEIGHT,BIRTH) values ('null',170.9,to_date('02/02/02','RR/MM/DD'));
Insert into PERSON (NAME,HEIGHT,BIRTH) values ('김민지',158.9,to_date('01/05/25','RR/MM/DD'));
Insert into PERSON (NAME,HEIGHT,BIRTH) values ('박민수',180.4,to_date('05/11/12','RR/MM/DD'));
Insert into PERSON (NAME,HEIGHT,BIRTH) values ('김현아',null,to_date('98/12/21','RR/MM/DD'));
Insert into PERSON (NAME,HEIGHT,BIRTH) values ('박철수',171.2,to_date('03/06/10','RR/MM/DD'));
Insert into PERSON (NAME,HEIGHT,BIRTH) values ('김희선',null,to_date('91/07/19','RR/MM/DD'));
Insert into PERSON (NAME,HEIGHT,BIRTH) values ('신지원',166.3,to_date('99/02/14','RR/MM/DD'));
REM INSERTING into PROFESSOR
SET DEFINE OFF;
Insert into PROFESSOR (IDX,NAME,GENDER,DEP_CODE,PHONE,EMAIL) values (2001,'김민철','남',100,'010-8765-1234','k@naver.com');
Insert into PROFESSOR (IDX,NAME,GENDER,DEP_CODE,PHONE,EMAIL) values (2002,'이미현','여',300,'010-6767-3412','l@daum.net');
REM INSERTING into STUDENT
SET DEFINE OFF;
Insert into STUDENT (IDX,NAME,GRADE,DEP_CODE,GENDER,BIRTH,ADDRESS,PHONE,EMAIL) values (20000108,'홍길동',80,300,'남',to_date('01/05/05','RR/MM/DD'),'부산광역시','010-1234-5678','h@naver.com');
Insert into STUDENT (IDX,NAME,GRADE,DEP_CODE,GENDER,BIRTH,ADDRESS,PHONE,EMAIL) values (20000109,'김민지',90,100,'여',to_date('00/01/25','RR/MM/DD'),'서울특별시','010-3434-1212','k@gmail.com');
Insert into STUDENT (IDX,NAME,GRADE,DEP_CODE,GENDER,BIRTH,ADDRESS,PHONE,EMAIL) values (20000110,'이민수',68,400,'남',to_date('03/07/10','RR/MM/DD'),'대구광역시','010-5656-9999','1@kakao.com');
REM INSERTING into TEST_STUDENT
SET DEFINE OFF;
Insert into TEST_STUDENT (NAME,KOR,ENG,MAT) values ('홍길순',71,82,100);
Insert into TEST_STUDENT (NAME,KOR,ENG,MAT) values ('임꺽정',88,77,98);
Insert into TEST_STUDENT (NAME,KOR,ENG,MAT) values ('박지영',70,77,78);
Insert into TEST_STUDENT (NAME,KOR,ENG,MAT) values ('김민수',88,87,78);
Insert into TEST_STUDENT (NAME,KOR,ENG,MAT) values ('이현우',78,97,67);
--------------------------------------------------------
--  DDL for Index PRO_IDX
--------------------------------------------------------

  CREATE UNIQUE INDEX "PRO_IDX" ON "PROFESSOR" ("IDX") 
  PCTFREE 10 INITRANS 2 MAXTRANS 255 
  STORAGE(INITIAL 65536 NEXT 1048576 MINEXTENTS 1 MAXEXTENTS 2147483645
  PCTINCREASE 0 FREELISTS 1 FREELIST GROUPS 1
  BUFFER_POOL DEFAULT FLASH_CACHE DEFAULT CELL_FLASH_CACHE DEFAULT)
  TABLESPACE "USERS" ;
--------------------------------------------------------
--  DDL for Index EMP_EMAIL
--------------------------------------------------------

  CREATE UNIQUE INDEX "EMP_EMAIL" ON "EMP" ("EMAIL") 
  PCTFREE 10 INITRANS 2 MAXTRANS 255 
  STORAGE(INITIAL 65536 NEXT 1048576 MINEXTENTS 1 MAXEXTENTS 2147483645
  PCTINCREASE 0 FREELISTS 1 FREELIST GROUPS 1
  BUFFER_POOL DEFAULT FLASH_CACHE DEFAULT CELL_FLASH_CACHE DEFAULT)
  TABLESPACE "USERS" ;
--------------------------------------------------------
--  DDL for Index ACCOUNT_IDX
--------------------------------------------------------

  CREATE UNIQUE INDEX "ACCOUNT_IDX" ON "ACCOUNT" ("IDX") 
  PCTFREE 10 INITRANS 2 MAXTRANS 255 
  STORAGE(INITIAL 65536 NEXT 1048576 MINEXTENTS 1 MAXEXTENTS 2147483645
  PCTINCREASE 0 FREELISTS 1 FREELIST GROUPS 1
  BUFFER_POOL DEFAULT FLASH_CACHE DEFAULT CELL_FLASH_CACHE DEFAULT)
  TABLESPACE "USERS" ;
--------------------------------------------------------
--  DDL for Index EMPLOYEE_PHONE
--------------------------------------------------------

  CREATE UNIQUE INDEX "EMPLOYEE_PHONE" ON "EMPLOYEE" ("PHONE") 
  PCTFREE 10 INITRANS 2 MAXTRANS 255 
  STORAGE(INITIAL 65536 NEXT 1048576 MINEXTENTS 1 MAXEXTENTS 2147483645
  PCTINCREASE 0 FREELISTS 1 FREELIST GROUPS 1
  BUFFER_POOL DEFAULT FLASH_CACHE DEFAULT CELL_FLASH_CACHE DEFAULT)
  TABLESPACE "USERS" ;
--------------------------------------------------------
--  DDL for Index PRO_UK1_PHONE
--------------------------------------------------------

  CREATE UNIQUE INDEX "PRO_UK1_PHONE" ON "PROFESSOR" ("PHONE") 
  PCTFREE 10 INITRANS 2 MAXTRANS 255 
  STORAGE(INITIAL 65536 NEXT 1048576 MINEXTENTS 1 MAXEXTENTS 2147483645
  PCTINCREASE 0 FREELISTS 1 FREELIST GROUPS 1
  BUFFER_POOL DEFAULT FLASH_CACHE DEFAULT CELL_FLASH_CACHE DEFAULT)
  TABLESPACE "USERS" ;
--------------------------------------------------------
--  DDL for Index STUDENT_UK2_EMAIL
--------------------------------------------------------

  CREATE UNIQUE INDEX "STUDENT_UK2_EMAIL" ON "STUDENT" ("EMAIL") 
  PCTFREE 10 INITRANS 2 MAXTRANS 255 
  STORAGE(INITIAL 65536 NEXT 1048576 MINEXTENTS 1 MAXEXTENTS 2147483645
  PCTINCREASE 0 FREELISTS 1 FREELIST GROUPS 1
  BUFFER_POOL DEFAULT FLASH_CACHE DEFAULT CELL_FLASH_CACHE DEFAULT)
  TABLESPACE "USERS" ;
--------------------------------------------------------
--  DDL for Index EMPLOYEE_EMAIL
--------------------------------------------------------

  CREATE UNIQUE INDEX "EMPLOYEE_EMAIL" ON "EMPLOYEE" ("EMAIL") 
  PCTFREE 10 INITRANS 2 MAXTRANS 255 
  STORAGE(INITIAL 65536 NEXT 1048576 MINEXTENTS 1 MAXEXTENTS 2147483645
  PCTINCREASE 0 FREELISTS 1 FREELIST GROUPS 1
  BUFFER_POOL DEFAULT FLASH_CACHE DEFAULT CELL_FLASH_CACHE DEFAULT)
  TABLESPACE "USERS" ;
--------------------------------------------------------
--  DDL for Index STDUENT_IDX
--------------------------------------------------------

  CREATE UNIQUE INDEX "STDUENT_IDX" ON "STUDENT" ("IDX") 
  PCTFREE 10 INITRANS 2 MAXTRANS 255 
  STORAGE(INITIAL 65536 NEXT 1048576 MINEXTENTS 1 MAXEXTENTS 2147483645
  PCTINCREASE 0 FREELISTS 1 FREELIST GROUPS 1
  BUFFER_POOL DEFAULT FLASH_CACHE DEFAULT CELL_FLASH_CACHE DEFAULT)
  TABLESPACE "USERS" ;
--------------------------------------------------------
--  DDL for Index DEPARTMENT_UK2_PHONE
--------------------------------------------------------

  CREATE UNIQUE INDEX "DEPARTMENT_UK2_PHONE" ON "DEPARTMENT" ("PHONE") 
  PCTFREE 10 INITRANS 2 MAXTRANS 255 
  STORAGE(INITIAL 65536 NEXT 1048576 MINEXTENTS 1 MAXEXTENTS 2147483645
  PCTINCREASE 0 FREELISTS 1 FREELIST GROUPS 1
  BUFFER_POOL DEFAULT FLASH_CACHE DEFAULT CELL_FLASH_CACHE DEFAULT)
  TABLESPACE "USERS" ;
--------------------------------------------------------
--  DDL for Index ACCOUNT_USERID
--------------------------------------------------------

  CREATE UNIQUE INDEX "ACCOUNT_USERID" ON "ACCOUNT" ("USERID") 
  PCTFREE 10 INITRANS 2 MAXTRANS 255 
  STORAGE(INITIAL 65536 NEXT 1048576 MINEXTENTS 1 MAXEXTENTS 2147483645
  PCTINCREASE 0 FREELISTS 1 FREELIST GROUPS 1
  BUFFER_POOL DEFAULT FLASH_CACHE DEFAULT CELL_FLASH_CACHE DEFAULT)
  TABLESPACE "USERS" ;
--------------------------------------------------------
--  DDL for Index EMP_PHONE
--------------------------------------------------------

  CREATE UNIQUE INDEX "EMP_PHONE" ON "EMP" ("PHONE") 
  PCTFREE 10 INITRANS 2 MAXTRANS 255 
  STORAGE(INITIAL 65536 NEXT 1048576 MINEXTENTS 1 MAXEXTENTS 2147483645
  PCTINCREASE 0 FREELISTS 1 FREELIST GROUPS 1
  BUFFER_POOL DEFAULT FLASH_CACHE DEFAULT CELL_FLASH_CACHE DEFAULT)
  TABLESPACE "USERS" ;
--------------------------------------------------------
--  DDL for Index PRO_UK2_EMAIL
--------------------------------------------------------

  CREATE UNIQUE INDEX "PRO_UK2_EMAIL" ON "PROFESSOR" ("EMAIL") 
  PCTFREE 10 INITRANS 2 MAXTRANS 255 
  STORAGE(INITIAL 65536 NEXT 1048576 MINEXTENTS 1 MAXEXTENTS 2147483645
  PCTINCREASE 0 FREELISTS 1 FREELIST GROUPS 1
  BUFFER_POOL DEFAULT FLASH_CACHE DEFAULT CELL_FLASH_CACHE DEFAULT)
  TABLESPACE "USERS" ;
--------------------------------------------------------
--  DDL for Index ACCOUNT_NICK
--------------------------------------------------------

  CREATE UNIQUE INDEX "ACCOUNT_NICK" ON "ACCOUNT" ("NICK") 
  PCTFREE 10 INITRANS 2 MAXTRANS 255 
  STORAGE(INITIAL 65536 NEXT 1048576 MINEXTENTS 1 MAXEXTENTS 2147483645
  PCTINCREASE 0 FREELISTS 1 FREELIST GROUPS 1
  BUFFER_POOL DEFAULT FLASH_CACHE DEFAULT CELL_FLASH_CACHE DEFAULT)
  TABLESPACE "USERS" ;
--------------------------------------------------------
--  DDL for Index DEP_IDX
--------------------------------------------------------

  CREATE UNIQUE INDEX "DEP_IDX" ON "DEP" ("IDX") 
  PCTFREE 10 INITRANS 2 MAXTRANS 255 COMPUTE STATISTICS 
  STORAGE(INITIAL 65536 NEXT 1048576 MINEXTENTS 1 MAXEXTENTS 2147483645
  PCTINCREASE 0 FREELISTS 1 FREELIST GROUPS 1
  BUFFER_POOL DEFAULT FLASH_CACHE DEFAULT CELL_FLASH_CACHE DEFAULT)
  TABLESPACE "USERS" ;
--------------------------------------------------------
--  DDL for Index DEPARTMENT_UK1_NAME
--------------------------------------------------------

  CREATE UNIQUE INDEX "DEPARTMENT_UK1_NAME" ON "DEPARTMENT" ("NAME") 
  PCTFREE 10 INITRANS 2 MAXTRANS 255 
  STORAGE(INITIAL 65536 NEXT 1048576 MINEXTENTS 1 MAXEXTENTS 2147483645
  PCTINCREASE 0 FREELISTS 1 FREELIST GROUPS 1
  BUFFER_POOL DEFAULT FLASH_CACHE DEFAULT CELL_FLASH_CACHE DEFAULT)
  TABLESPACE "USERS" ;
--------------------------------------------------------
--  DDL for Index DEPARTMENT_IDX
--------------------------------------------------------

  CREATE UNIQUE INDEX "DEPARTMENT_IDX" ON "DEPARTMENT" ("IDX") 
  PCTFREE 10 INITRANS 2 MAXTRANS 255 
  STORAGE(INITIAL 65536 NEXT 1048576 MINEXTENTS 1 MAXEXTENTS 2147483645
  PCTINCREASE 0 FREELISTS 1 FREELIST GROUPS 1
  BUFFER_POOL DEFAULT FLASH_CACHE DEFAULT CELL_FLASH_CACHE DEFAULT)
  TABLESPACE "USERS" ;
--------------------------------------------------------
--  DDL for Index UK_EMAIL
--------------------------------------------------------

  CREATE UNIQUE INDEX "UK_EMAIL" ON "DEP" ("EMAIL") 
  PCTFREE 10 INITRANS 2 MAXTRANS 255 
  STORAGE(INITIAL 65536 NEXT 1048576 MINEXTENTS 1 MAXEXTENTS 2147483645
  PCTINCREASE 0 FREELISTS 1 FREELIST GROUPS 1
  BUFFER_POOL DEFAULT FLASH_CACHE DEFAULT CELL_FLASH_CACHE DEFAULT)
  TABLESPACE "USERS" ;
--------------------------------------------------------
--  DDL for Index EMPLOYEE_IDX
--------------------------------------------------------

  CREATE UNIQUE INDEX "EMPLOYEE_IDX" ON "EMPLOYEE" ("IDX") 
  PCTFREE 10 INITRANS 2 MAXTRANS 255 
  STORAGE(INITIAL 65536 NEXT 1048576 MINEXTENTS 1 MAXEXTENTS 2147483645
  PCTINCREASE 0 FREELISTS 1 FREELIST GROUPS 1
  BUFFER_POOL DEFAULT FLASH_CACHE DEFAULT CELL_FLASH_CACHE DEFAULT)
  TABLESPACE "USERS" ;
--------------------------------------------------------
--  DDL for Index EMP_IDX
--------------------------------------------------------

  CREATE UNIQUE INDEX "EMP_IDX" ON "EMP" ("IDX") 
  PCTFREE 10 INITRANS 2 MAXTRANS 255 
  STORAGE(INITIAL 65536 NEXT 1048576 MINEXTENTS 1 MAXEXTENTS 2147483645
  PCTINCREASE 0 FREELISTS 1 FREELIST GROUPS 1
  BUFFER_POOL DEFAULT FLASH_CACHE DEFAULT CELL_FLASH_CACHE DEFAULT)
  TABLESPACE "USERS" ;
--------------------------------------------------------
--  DDL for Index STUDENT_UK1_PHONE
--------------------------------------------------------

  CREATE UNIQUE INDEX "STUDENT_UK1_PHONE" ON "STUDENT" ("PHONE") 
  PCTFREE 10 INITRANS 2 MAXTRANS 255 
  STORAGE(INITIAL 65536 NEXT 1048576 MINEXTENTS 1 MAXEXTENTS 2147483645
  PCTINCREASE 0 FREELISTS 1 FREELIST GROUPS 1
  BUFFER_POOL DEFAULT FLASH_CACHE DEFAULT CELL_FLASH_CACHE DEFAULT)
  TABLESPACE "USERS" ;
--------------------------------------------------------
--  DDL for Index DEPARTMENT_UK3_EMAIL
--------------------------------------------------------

  CREATE UNIQUE INDEX "DEPARTMENT_UK3_EMAIL" ON "DEPARTMENT" ("EMAIL") 
  PCTFREE 10 INITRANS 2 MAXTRANS 255 
  STORAGE(INITIAL 65536 NEXT 1048576 MINEXTENTS 1 MAXEXTENTS 2147483645
  PCTINCREASE 0 FREELISTS 1 FREELIST GROUPS 1
  BUFFER_POOL DEFAULT FLASH_CACHE DEFAULT CELL_FLASH_CACHE DEFAULT)
  TABLESPACE "USERS" ;
--------------------------------------------------------
--  DDL for Index UK_NAME
--------------------------------------------------------

  CREATE UNIQUE INDEX "UK_NAME" ON "DEP" ("NAME") 
  PCTFREE 10 INITRANS 2 MAXTRANS 255 
  STORAGE(INITIAL 65536 NEXT 1048576 MINEXTENTS 1 MAXEXTENTS 2147483645
  PCTINCREASE 0 FREELISTS 1 FREELIST GROUPS 1
  BUFFER_POOL DEFAULT FLASH_CACHE DEFAULT CELL_FLASH_CACHE DEFAULT)
  TABLESPACE "USERS" ;
--------------------------------------------------------
--  Constraints for Table DEPARTMENT
--------------------------------------------------------

  ALTER TABLE "DEPARTMENT" MODIFY ("NAME" NOT NULL ENABLE);
  ALTER TABLE "DEPARTMENT" MODIFY ("D_DATE" NOT NULL ENABLE);
  ALTER TABLE "DEPARTMENT" MODIFY ("PHONE" NOT NULL ENABLE);
  ALTER TABLE "DEPARTMENT" MODIFY ("EMAIL" NOT NULL ENABLE);
  ALTER TABLE "DEPARTMENT" ADD CONSTRAINT "DEPARTMENT_IDX" PRIMARY KEY ("IDX")
  USING INDEX PCTFREE 10 INITRANS 2 MAXTRANS 255 
  STORAGE(INITIAL 65536 NEXT 1048576 MINEXTENTS 1 MAXEXTENTS 2147483645
  PCTINCREASE 0 FREELISTS 1 FREELIST GROUPS 1
  BUFFER_POOL DEFAULT FLASH_CACHE DEFAULT CELL_FLASH_CACHE DEFAULT)
  TABLESPACE "USERS"  ENABLE;
  ALTER TABLE "DEPARTMENT" ADD CONSTRAINT "DEPARTMENT_UK1_NAME" UNIQUE ("NAME")
  USING INDEX PCTFREE 10 INITRANS 2 MAXTRANS 255 
  STORAGE(INITIAL 65536 NEXT 1048576 MINEXTENTS 1 MAXEXTENTS 2147483645
  PCTINCREASE 0 FREELISTS 1 FREELIST GROUPS 1
  BUFFER_POOL DEFAULT FLASH_CACHE DEFAULT CELL_FLASH_CACHE DEFAULT)
  TABLESPACE "USERS"  ENABLE;
  ALTER TABLE "DEPARTMENT" ADD CONSTRAINT "DEPARTMENT_UK2_PHONE" UNIQUE ("PHONE")
  USING INDEX PCTFREE 10 INITRANS 2 MAXTRANS 255 
  STORAGE(INITIAL 65536 NEXT 1048576 MINEXTENTS 1 MAXEXTENTS 2147483645
  PCTINCREASE 0 FREELISTS 1 FREELIST GROUPS 1
  BUFFER_POOL DEFAULT FLASH_CACHE DEFAULT CELL_FLASH_CACHE DEFAULT)
  TABLESPACE "USERS"  ENABLE;
  ALTER TABLE "DEPARTMENT" ADD CONSTRAINT "DEPARTMENT_UK3_EMAIL" UNIQUE ("EMAIL")
  USING INDEX PCTFREE 10 INITRANS 2 MAXTRANS 255 
  STORAGE(INITIAL 65536 NEXT 1048576 MINEXTENTS 1 MAXEXTENTS 2147483645
  PCTINCREASE 0 FREELISTS 1 FREELIST GROUPS 1
  BUFFER_POOL DEFAULT FLASH_CACHE DEFAULT CELL_FLASH_CACHE DEFAULT)
  TABLESPACE "USERS"  ENABLE;
--------------------------------------------------------
--  Constraints for Table STUDENT
--------------------------------------------------------

  ALTER TABLE "STUDENT" MODIFY ("GRADE" NOT NULL ENABLE);
  ALTER TABLE "STUDENT" MODIFY ("DEP_CODE" NOT NULL ENABLE);
  ALTER TABLE "STUDENT" MODIFY ("BIRTH" NOT NULL ENABLE);
  ALTER TABLE "STUDENT" MODIFY ("PHONE" NOT NULL ENABLE);
  ALTER TABLE "STUDENT" MODIFY ("EMAIL" NOT NULL ENABLE);
  ALTER TABLE "STUDENT" ADD CONSTRAINT "GENDER_CHECK" CHECK (gender in ('남', '여')) ENABLE;
  ALTER TABLE "STUDENT" ADD CONSTRAINT "STDUENT_IDX" PRIMARY KEY ("IDX")
  USING INDEX PCTFREE 10 INITRANS 2 MAXTRANS 255 
  STORAGE(INITIAL 65536 NEXT 1048576 MINEXTENTS 1 MAXEXTENTS 2147483645
  PCTINCREASE 0 FREELISTS 1 FREELIST GROUPS 1
  BUFFER_POOL DEFAULT FLASH_CACHE DEFAULT CELL_FLASH_CACHE DEFAULT)
  TABLESPACE "USERS"  ENABLE;
  ALTER TABLE "STUDENT" ADD CONSTRAINT "STUDENT_UK1_PHONE" UNIQUE ("PHONE")
  USING INDEX PCTFREE 10 INITRANS 2 MAXTRANS 255 
  STORAGE(INITIAL 65536 NEXT 1048576 MINEXTENTS 1 MAXEXTENTS 2147483645
  PCTINCREASE 0 FREELISTS 1 FREELIST GROUPS 1
  BUFFER_POOL DEFAULT FLASH_CACHE DEFAULT CELL_FLASH_CACHE DEFAULT)
  TABLESPACE "USERS"  ENABLE;
  ALTER TABLE "STUDENT" ADD CONSTRAINT "STUDENT_UK2_EMAIL" UNIQUE ("EMAIL")
  USING INDEX PCTFREE 10 INITRANS 2 MAXTRANS 255 
  STORAGE(INITIAL 65536 NEXT 1048576 MINEXTENTS 1 MAXEXTENTS 2147483645
  PCTINCREASE 0 FREELISTS 1 FREELIST GROUPS 1
  BUFFER_POOL DEFAULT FLASH_CACHE DEFAULT CELL_FLASH_CACHE DEFAULT)
  TABLESPACE "USERS"  ENABLE;
  ALTER TABLE "STUDENT" MODIFY ("NAME" NOT NULL ENABLE);
--------------------------------------------------------
--  Constraints for Table EMP
--------------------------------------------------------

  ALTER TABLE "EMP" ADD CONSTRAINT "GENDER_CHK" CHECK (gender in ('남', '여')) ENABLE;
  ALTER TABLE "EMP" ADD CONSTRAINT "EMP_IDX" PRIMARY KEY ("IDX")
  USING INDEX PCTFREE 10 INITRANS 2 MAXTRANS 255 
  STORAGE(INITIAL 65536 NEXT 1048576 MINEXTENTS 1 MAXEXTENTS 2147483645
  PCTINCREASE 0 FREELISTS 1 FREELIST GROUPS 1
  BUFFER_POOL DEFAULT FLASH_CACHE DEFAULT CELL_FLASH_CACHE DEFAULT)
  TABLESPACE "USERS"  ENABLE;
  ALTER TABLE "EMP" ADD CONSTRAINT "EMP_PHONE" UNIQUE ("PHONE")
  USING INDEX PCTFREE 10 INITRANS 2 MAXTRANS 255 
  STORAGE(INITIAL 65536 NEXT 1048576 MINEXTENTS 1 MAXEXTENTS 2147483645
  PCTINCREASE 0 FREELISTS 1 FREELIST GROUPS 1
  BUFFER_POOL DEFAULT FLASH_CACHE DEFAULT CELL_FLASH_CACHE DEFAULT)
  TABLESPACE "USERS"  ENABLE;
  ALTER TABLE "EMP" ADD CONSTRAINT "EMP_EMAIL" UNIQUE ("EMAIL")
  USING INDEX PCTFREE 10 INITRANS 2 MAXTRANS 255 
  STORAGE(INITIAL 65536 NEXT 1048576 MINEXTENTS 1 MAXEXTENTS 2147483645
  PCTINCREASE 0 FREELISTS 1 FREELIST GROUPS 1
  BUFFER_POOL DEFAULT FLASH_CACHE DEFAULT CELL_FLASH_CACHE DEFAULT)
  TABLESPACE "USERS"  ENABLE;
  ALTER TABLE "EMP" MODIFY ("NAME" NOT NULL ENABLE);
  ALTER TABLE "EMP" MODIFY ("BIRTH" NOT NULL ENABLE);
  ALTER TABLE "EMP" MODIFY ("H_DATE" NOT NULL ENABLE);
  ALTER TABLE "EMP" MODIFY ("PHONE" NOT NULL ENABLE);
  ALTER TABLE "EMP" MODIFY ("EMAIL" NOT NULL ENABLE);
  ALTER TABLE "EMP" MODIFY ("POSITION" NOT NULL ENABLE);
  ALTER TABLE "EMP" MODIFY ("SALARY" NOT NULL ENABLE);
--------------------------------------------------------
--  Constraints for Table ACCOUNT
--------------------------------------------------------

  ALTER TABLE "ACCOUNT" MODIFY ("USERID" NOT NULL ENABLE);
  ALTER TABLE "ACCOUNT" MODIFY ("NICK" NOT NULL ENABLE);
  ALTER TABLE "ACCOUNT" MODIFY ("EMAIL" NOT NULL ENABLE);
  ALTER TABLE "ACCOUNT" ADD CONSTRAINT "ACCOUNT_IDX" PRIMARY KEY ("IDX")
  USING INDEX PCTFREE 10 INITRANS 2 MAXTRANS 255 
  STORAGE(INITIAL 65536 NEXT 1048576 MINEXTENTS 1 MAXEXTENTS 2147483645
  PCTINCREASE 0 FREELISTS 1 FREELIST GROUPS 1
  BUFFER_POOL DEFAULT FLASH_CACHE DEFAULT CELL_FLASH_CACHE DEFAULT)
  TABLESPACE "USERS"  ENABLE;
  ALTER TABLE "ACCOUNT" ADD CONSTRAINT "ACCOUNT_USERID" UNIQUE ("USERID")
  USING INDEX PCTFREE 10 INITRANS 2 MAXTRANS 255 
  STORAGE(INITIAL 65536 NEXT 1048576 MINEXTENTS 1 MAXEXTENTS 2147483645
  PCTINCREASE 0 FREELISTS 1 FREELIST GROUPS 1
  BUFFER_POOL DEFAULT FLASH_CACHE DEFAULT CELL_FLASH_CACHE DEFAULT)
  TABLESPACE "USERS"  ENABLE;
  ALTER TABLE "ACCOUNT" ADD CONSTRAINT "ACCOUNT_NICK" UNIQUE ("NICK")
  USING INDEX PCTFREE 10 INITRANS 2 MAXTRANS 255 
  STORAGE(INITIAL 65536 NEXT 1048576 MINEXTENTS 1 MAXEXTENTS 2147483645
  PCTINCREASE 0 FREELISTS 1 FREELIST GROUPS 1
  BUFFER_POOL DEFAULT FLASH_CACHE DEFAULT CELL_FLASH_CACHE DEFAULT)
  TABLESPACE "USERS"  ENABLE;
  ALTER TABLE "ACCOUNT" MODIFY ("USERPW" NOT NULL ENABLE);
--------------------------------------------------------
--  Constraints for Table TEST_STUDENT
--------------------------------------------------------

  ALTER TABLE "TEST_STUDENT" MODIFY ("NAME" NOT NULL ENABLE);
--------------------------------------------------------
--  Constraints for Table DEP
--------------------------------------------------------

  ALTER TABLE "DEP" MODIFY ("NAME" NOT NULL ENABLE);
  ALTER TABLE "DEP" MODIFY ("C_DATE" NOT NULL ENABLE);
  ALTER TABLE "DEP" MODIFY ("PHONE" NOT NULL ENABLE);
  ALTER TABLE "DEP" MODIFY ("EMAIL" NOT NULL ENABLE);
  ALTER TABLE "DEP" ADD CONSTRAINT "UK_NAME" UNIQUE ("NAME")
  USING INDEX PCTFREE 10 INITRANS 2 MAXTRANS 255 
  STORAGE(INITIAL 65536 NEXT 1048576 MINEXTENTS 1 MAXEXTENTS 2147483645
  PCTINCREASE 0 FREELISTS 1 FREELIST GROUPS 1
  BUFFER_POOL DEFAULT FLASH_CACHE DEFAULT CELL_FLASH_CACHE DEFAULT)
  TABLESPACE "USERS"  ENABLE;
  ALTER TABLE "DEP" ADD CONSTRAINT "UK_EMAIL" UNIQUE ("EMAIL")
  USING INDEX PCTFREE 10 INITRANS 2 MAXTRANS 255 
  STORAGE(INITIAL 65536 NEXT 1048576 MINEXTENTS 1 MAXEXTENTS 2147483645
  PCTINCREASE 0 FREELISTS 1 FREELIST GROUPS 1
  BUFFER_POOL DEFAULT FLASH_CACHE DEFAULT CELL_FLASH_CACHE DEFAULT)
  TABLESPACE "USERS"  ENABLE;
  ALTER TABLE "DEP" ADD CONSTRAINT "DEP_IDX" PRIMARY KEY ("IDX")
  USING INDEX PCTFREE 10 INITRANS 2 MAXTRANS 255 COMPUTE STATISTICS 
  STORAGE(INITIAL 65536 NEXT 1048576 MINEXTENTS 1 MAXEXTENTS 2147483645
  PCTINCREASE 0 FREELISTS 1 FREELIST GROUPS 1
  BUFFER_POOL DEFAULT FLASH_CACHE DEFAULT CELL_FLASH_CACHE DEFAULT)
  TABLESPACE "USERS"  ENABLE;
--------------------------------------------------------
--  Constraints for Table EMPLOYEE
--------------------------------------------------------

  ALTER TABLE "EMPLOYEE" MODIFY ("NAME" NOT NULL ENABLE);
  ALTER TABLE "EMPLOYEE" MODIFY ("BIRTH" NOT NULL ENABLE);
  ALTER TABLE "EMPLOYEE" MODIFY ("H_DATE" NOT NULL ENABLE);
  ALTER TABLE "EMPLOYEE" MODIFY ("PHONE" NOT NULL ENABLE);
  ALTER TABLE "EMPLOYEE" MODIFY ("EMAIL" NOT NULL ENABLE);
  ALTER TABLE "EMPLOYEE" MODIFY ("POSITION" NOT NULL ENABLE);
  ALTER TABLE "EMPLOYEE" MODIFY ("SALARY" NOT NULL ENABLE);
  ALTER TABLE "EMPLOYEE" ADD CHECK (gender in ('남', '여')) ENABLE;
  ALTER TABLE "EMPLOYEE" ADD CONSTRAINT "EMPLOYEE_IDX" PRIMARY KEY ("IDX")
  USING INDEX PCTFREE 10 INITRANS 2 MAXTRANS 255 
  STORAGE(INITIAL 65536 NEXT 1048576 MINEXTENTS 1 MAXEXTENTS 2147483645
  PCTINCREASE 0 FREELISTS 1 FREELIST GROUPS 1
  BUFFER_POOL DEFAULT FLASH_CACHE DEFAULT CELL_FLASH_CACHE DEFAULT)
  TABLESPACE "USERS"  ENABLE;
  ALTER TABLE "EMPLOYEE" ADD CONSTRAINT "EMPLOYEE_PHONE" UNIQUE ("PHONE")
  USING INDEX PCTFREE 10 INITRANS 2 MAXTRANS 255 
  STORAGE(INITIAL 65536 NEXT 1048576 MINEXTENTS 1 MAXEXTENTS 2147483645
  PCTINCREASE 0 FREELISTS 1 FREELIST GROUPS 1
  BUFFER_POOL DEFAULT FLASH_CACHE DEFAULT CELL_FLASH_CACHE DEFAULT)
  TABLESPACE "USERS"  ENABLE;
  ALTER TABLE "EMPLOYEE" ADD CONSTRAINT "EMPLOYEE_EMAIL" UNIQUE ("EMAIL")
  USING INDEX PCTFREE 10 INITRANS 2 MAXTRANS 255 
  STORAGE(INITIAL 65536 NEXT 1048576 MINEXTENTS 1 MAXEXTENTS 2147483645
  PCTINCREASE 0 FREELISTS 1 FREELIST GROUPS 1
  BUFFER_POOL DEFAULT FLASH_CACHE DEFAULT CELL_FLASH_CACHE DEFAULT)
  TABLESPACE "USERS"  ENABLE;
--------------------------------------------------------
--  Constraints for Table PROFESSOR
--------------------------------------------------------

  ALTER TABLE "PROFESSOR" MODIFY ("NAME" NOT NULL ENABLE);
  ALTER TABLE "PROFESSOR" MODIFY ("DEP_CODE" NOT NULL ENABLE);
  ALTER TABLE "PROFESSOR" MODIFY ("PHONE" NOT NULL ENABLE);
  ALTER TABLE "PROFESSOR" MODIFY ("EMAIL" NOT NULL ENABLE);
  ALTER TABLE "PROFESSOR" ADD CONSTRAINT "PRO_GERDER_CHK" CHECK (gender in('남','여')) ENABLE;
  ALTER TABLE "PROFESSOR" ADD CONSTRAINT "PRO_IDX" PRIMARY KEY ("IDX")
  USING INDEX PCTFREE 10 INITRANS 2 MAXTRANS 255 
  STORAGE(INITIAL 65536 NEXT 1048576 MINEXTENTS 1 MAXEXTENTS 2147483645
  PCTINCREASE 0 FREELISTS 1 FREELIST GROUPS 1
  BUFFER_POOL DEFAULT FLASH_CACHE DEFAULT CELL_FLASH_CACHE DEFAULT)
  TABLESPACE "USERS"  ENABLE;
  ALTER TABLE "PROFESSOR" ADD CONSTRAINT "PRO_UK1_PHONE" UNIQUE ("PHONE")
  USING INDEX PCTFREE 10 INITRANS 2 MAXTRANS 255 
  STORAGE(INITIAL 65536 NEXT 1048576 MINEXTENTS 1 MAXEXTENTS 2147483645
  PCTINCREASE 0 FREELISTS 1 FREELIST GROUPS 1
  BUFFER_POOL DEFAULT FLASH_CACHE DEFAULT CELL_FLASH_CACHE DEFAULT)
  TABLESPACE "USERS"  ENABLE;
  ALTER TABLE "PROFESSOR" ADD CONSTRAINT "PRO_UK2_EMAIL" UNIQUE ("EMAIL")
  USING INDEX PCTFREE 10 INITRANS 2 MAXTRANS 255 
  STORAGE(INITIAL 65536 NEXT 1048576 MINEXTENTS 1 MAXEXTENTS 2147483645
  PCTINCREASE 0 FREELISTS 1 FREELIST GROUPS 1
  BUFFER_POOL DEFAULT FLASH_CACHE DEFAULT CELL_FLASH_CACHE DEFAULT)
  TABLESPACE "USERS"  ENABLE;
--------------------------------------------------------
--  Ref Constraints for Table PROFESSOR
--------------------------------------------------------

  ALTER TABLE "PROFESSOR" ADD CONSTRAINT "PRO_FK1_CODE" FOREIGN KEY ("DEP_CODE")
	  REFERENCES "DEPARTMENT" ("IDX") ENABLE;
--------------------------------------------------------
--  Ref Constraints for Table STUDENT
--------------------------------------------------------

  ALTER TABLE "STUDENT" ADD CONSTRAINT "STUDENT_FK1_DEP_CODE" FOREIGN KEY ("DEP_CODE")
	  REFERENCES "DEPARTMENT" ("IDX") ENABLE;
